USE [master]
GO
/****** Object:  Database [DataBaseA]    Script Date: 08/04/2017 04:05:15 a. m. ******/
CREATE DATABASE [DataBaseA] ON  PRIMARY 
( NAME = N'DataBaseA', FILENAME = N'c:\Program Files\Microsoft SQL Server\MSSQL10_50.SQLEXPRESS\MSSQL\DATA\DataBaseA.mdf' , SIZE = 3072KB , MAXSIZE = UNLIMITED, FILEGROWTH = 1024KB )
 LOG ON 
( NAME = N'DataBaseA_log', FILENAME = N'c:\Program Files\Microsoft SQL Server\MSSQL10_50.SQLEXPRESS\MSSQL\DATA\DataBaseA_log.ldf' , SIZE = 1024KB , MAXSIZE = 2048GB , FILEGROWTH = 10%)
GO
ALTER DATABASE [DataBaseA] SET COMPATIBILITY_LEVEL = 100
GO
IF (1 = FULLTEXTSERVICEPROPERTY('IsFullTextInstalled'))
begin
EXEC [DataBaseA].[dbo].[sp_fulltext_database] @action = 'enable'
end
GO
ALTER DATABASE [DataBaseA] SET ANSI_NULL_DEFAULT OFF 
GO
ALTER DATABASE [DataBaseA] SET ANSI_NULLS OFF 
GO
ALTER DATABASE [DataBaseA] SET ANSI_PADDING OFF 
GO
ALTER DATABASE [DataBaseA] SET ANSI_WARNINGS OFF 
GO
ALTER DATABASE [DataBaseA] SET ARITHABORT OFF 
GO
ALTER DATABASE [DataBaseA] SET AUTO_CLOSE OFF 
GO
ALTER DATABASE [DataBaseA] SET AUTO_CREATE_STATISTICS ON 
GO
ALTER DATABASE [DataBaseA] SET AUTO_SHRINK OFF 
GO
ALTER DATABASE [DataBaseA] SET AUTO_UPDATE_STATISTICS ON 
GO
ALTER DATABASE [DataBaseA] SET CURSOR_CLOSE_ON_COMMIT OFF 
GO
ALTER DATABASE [DataBaseA] SET CURSOR_DEFAULT  GLOBAL 
GO
ALTER DATABASE [DataBaseA] SET CONCAT_NULL_YIELDS_NULL OFF 
GO
ALTER DATABASE [DataBaseA] SET NUMERIC_ROUNDABORT OFF 
GO
ALTER DATABASE [DataBaseA] SET QUOTED_IDENTIFIER OFF 
GO
ALTER DATABASE [DataBaseA] SET RECURSIVE_TRIGGERS OFF 
GO
ALTER DATABASE [DataBaseA] SET  DISABLE_BROKER 
GO
ALTER DATABASE [DataBaseA] SET AUTO_UPDATE_STATISTICS_ASYNC OFF 
GO
ALTER DATABASE [DataBaseA] SET DATE_CORRELATION_OPTIMIZATION OFF 
GO
ALTER DATABASE [DataBaseA] SET TRUSTWORTHY OFF 
GO
ALTER DATABASE [DataBaseA] SET ALLOW_SNAPSHOT_ISOLATION OFF 
GO
ALTER DATABASE [DataBaseA] SET PARAMETERIZATION SIMPLE 
GO
ALTER DATABASE [DataBaseA] SET READ_COMMITTED_SNAPSHOT OFF 
GO
ALTER DATABASE [DataBaseA] SET HONOR_BROKER_PRIORITY OFF 
GO
ALTER DATABASE [DataBaseA] SET RECOVERY SIMPLE 
GO
ALTER DATABASE [DataBaseA] SET  MULTI_USER 
GO
ALTER DATABASE [DataBaseA] SET PAGE_VERIFY CHECKSUM  
GO
ALTER DATABASE [DataBaseA] SET DB_CHAINING OFF 
GO
USE [DataBaseA]
GO
/****** Object:  Table [dbo].[EV_COUNTRY]    Script Date: 08/04/2017 04:05:15 a. m. ******/
SET ANSI_NULLS ON
GO
SET QUOTED_IDENTIFIER ON
GO
SET ANSI_PADDING ON
GO
CREATE TABLE [dbo].[EV_COUNTRY](
	[ID] [numeric](4, 0) IDENTITY(1,1) NOT NULL,
	[DESCRIPTION] [varchar](50) NOT NULL,
PRIMARY KEY CLUSTERED 
(
	[ID] ASC
)WITH (PAD_INDEX = OFF, STATISTICS_NORECOMPUTE = OFF, IGNORE_DUP_KEY = OFF, ALLOW_ROW_LOCKS = ON, ALLOW_PAGE_LOCKS = ON) ON [PRIMARY]
) ON [PRIMARY]

GO
SET ANSI_PADDING OFF
GO
/****** Object:  Table [dbo].[EV_KNOWN]    Script Date: 08/04/2017 04:05:16 a. m. ******/
SET ANSI_NULLS ON
GO
SET QUOTED_IDENTIFIER ON
GO
CREATE TABLE [dbo].[EV_KNOWN](
	[USER_ID] [numeric](5, 0) NOT NULL,
	[KNOWN_ID] [numeric](5, 0) NOT NULL,
 CONSTRAINT [PK_EV_KNOWN] PRIMARY KEY CLUSTERED 
(
	[USER_ID] ASC,
	[KNOWN_ID] ASC
)WITH (PAD_INDEX = OFF, STATISTICS_NORECOMPUTE = OFF, IGNORE_DUP_KEY = OFF, ALLOW_ROW_LOCKS = ON, ALLOW_PAGE_LOCKS = ON) ON [PRIMARY]
) ON [PRIMARY]

GO
/****** Object:  Table [dbo].[EV_PHONE]    Script Date: 08/04/2017 04:05:16 a. m. ******/
SET ANSI_NULLS ON
GO
SET QUOTED_IDENTIFIER ON
GO
SET ANSI_PADDING ON
GO
CREATE TABLE [dbo].[EV_PHONE](
	[ID] [int] IDENTITY(1,1) NOT NULL,
	[PHONE] [varchar](50) NULL,
	[USER_ID] [numeric](5, 0) NULL,
 CONSTRAINT [PK_EV_PHONE] PRIMARY KEY CLUSTERED 
(
	[ID] ASC
)WITH (PAD_INDEX = OFF, STATISTICS_NORECOMPUTE = OFF, IGNORE_DUP_KEY = OFF, ALLOW_ROW_LOCKS = ON, ALLOW_PAGE_LOCKS = ON) ON [PRIMARY]
) ON [PRIMARY]

GO
SET ANSI_PADDING OFF
GO
/****** Object:  Table [dbo].[EV_USER]    Script Date: 08/04/2017 04:05:16 a. m. ******/
SET ANSI_NULLS ON
GO
SET QUOTED_IDENTIFIER ON
GO
SET ANSI_PADDING ON
GO
CREATE TABLE [dbo].[EV_USER](
	[ID] [numeric](5, 0) IDENTITY(1,1) NOT NULL,
	[NAME] [varchar](50) NOT NULL,
	[COUNTRY_ID] [numeric](4, 0) NOT NULL,
 CONSTRAINT [PK__EV_USER__3214EC271A14E395] PRIMARY KEY CLUSTERED 
(
	[ID] ASC
)WITH (PAD_INDEX = OFF, STATISTICS_NORECOMPUTE = OFF, IGNORE_DUP_KEY = OFF, ALLOW_ROW_LOCKS = ON, ALLOW_PAGE_LOCKS = ON) ON [PRIMARY]
) ON [PRIMARY]

GO
SET ANSI_PADDING OFF
GO
SET IDENTITY_INSERT [dbo].[EV_COUNTRY] ON 

GO
INSERT [dbo].[EV_COUNTRY] ([ID], [DESCRIPTION]) VALUES (CAST(1 AS Numeric(4, 0)), N'US')
GO
INSERT [dbo].[EV_COUNTRY] ([ID], [DESCRIPTION]) VALUES (CAST(2 AS Numeric(4, 0)), N'UK')
GO
SET IDENTITY_INSERT [dbo].[EV_COUNTRY] OFF
GO
INSERT [dbo].[EV_KNOWN] ([USER_ID], [KNOWN_ID]) VALUES (CAST(40 AS Numeric(5, 0)), CAST(45 AS Numeric(5, 0)))
GO
INSERT [dbo].[EV_KNOWN] ([USER_ID], [KNOWN_ID]) VALUES (CAST(45 AS Numeric(5, 0)), CAST(49 AS Numeric(5, 0)))
GO
INSERT [dbo].[EV_KNOWN] ([USER_ID], [KNOWN_ID]) VALUES (CAST(47 AS Numeric(5, 0)), CAST(45 AS Numeric(5, 0)))
GO
INSERT [dbo].[EV_KNOWN] ([USER_ID], [KNOWN_ID]) VALUES (CAST(49 AS Numeric(5, 0)), CAST(45 AS Numeric(5, 0)))
GO
SET IDENTITY_INSERT [dbo].[EV_PHONE] ON 

GO
INSERT [dbo].[EV_PHONE] ([ID], [PHONE], [USER_ID]) VALUES (40, N'234234234', CAST(40 AS Numeric(5, 0)))
GO
INSERT [dbo].[EV_PHONE] ([ID], [PHONE], [USER_ID]) VALUES (42, N'9879879', CAST(45 AS Numeric(5, 0)))
GO
INSERT [dbo].[EV_PHONE] ([ID], [PHONE], [USER_ID]) VALUES (43, N'6876544', CAST(45 AS Numeric(5, 0)))
GO
INSERT [dbo].[EV_PHONE] ([ID], [PHONE], [USER_ID]) VALUES (44, N'654654546', CAST(40 AS Numeric(5, 0)))
GO
INSERT [dbo].[EV_PHONE] ([ID], [PHONE], [USER_ID]) VALUES (45, N'8798798', CAST(47 AS Numeric(5, 0)))
GO
INSERT [dbo].[EV_PHONE] ([ID], [PHONE], [USER_ID]) VALUES (47, N'98987985', CAST(49 AS Numeric(5, 0)))
GO
INSERT [dbo].[EV_PHONE] ([ID], [PHONE], [USER_ID]) VALUES (48, N'9878787', CAST(47 AS Numeric(5, 0)))
GO
INSERT [dbo].[EV_PHONE] ([ID], [PHONE], [USER_ID]) VALUES (49, N'55555555', CAST(49 AS Numeric(5, 0)))
GO
SET IDENTITY_INSERT [dbo].[EV_PHONE] OFF
GO
SET IDENTITY_INSERT [dbo].[EV_USER] ON 

GO
INSERT [dbo].[EV_USER] ([ID], [NAME], [COUNTRY_ID]) VALUES (CAST(40 AS Numeric(5, 0)), N'Jorge', CAST(1 AS Numeric(4, 0)))
GO
INSERT [dbo].[EV_USER] ([ID], [NAME], [COUNTRY_ID]) VALUES (CAST(45 AS Numeric(5, 0)), N'Jack', CAST(2 AS Numeric(4, 0)))
GO
INSERT [dbo].[EV_USER] ([ID], [NAME], [COUNTRY_ID]) VALUES (CAST(47 AS Numeric(5, 0)), N'Sophie', CAST(2 AS Numeric(4, 0)))
GO
INSERT [dbo].[EV_USER] ([ID], [NAME], [COUNTRY_ID]) VALUES (CAST(49 AS Numeric(5, 0)), N'Vicky', CAST(1 AS Numeric(4, 0)))
GO
SET IDENTITY_INSERT [dbo].[EV_USER] OFF
GO
ALTER TABLE [dbo].[EV_KNOWN]  WITH CHECK ADD  CONSTRAINT [FK_EV_KNOWN_EV_USER] FOREIGN KEY([USER_ID])
REFERENCES [dbo].[EV_USER] ([ID])
GO
ALTER TABLE [dbo].[EV_KNOWN] CHECK CONSTRAINT [FK_EV_KNOWN_EV_USER]
GO
ALTER TABLE [dbo].[EV_KNOWN]  WITH CHECK ADD  CONSTRAINT [FK_EV_KNOWN_EV_USER1] FOREIGN KEY([KNOWN_ID])
REFERENCES [dbo].[EV_USER] ([ID])
GO
ALTER TABLE [dbo].[EV_KNOWN] CHECK CONSTRAINT [FK_EV_KNOWN_EV_USER1]
GO
ALTER TABLE [dbo].[EV_PHONE]  WITH CHECK ADD  CONSTRAINT [FK_EV_PHONE_EV_USER] FOREIGN KEY([USER_ID])
REFERENCES [dbo].[EV_USER] ([ID])
GO
ALTER TABLE [dbo].[EV_PHONE] CHECK CONSTRAINT [FK_EV_PHONE_EV_USER]
GO
ALTER TABLE [dbo].[EV_USER]  WITH CHECK ADD  CONSTRAINT [FK__EV_USER__COUNTRY__21B6055D] FOREIGN KEY([COUNTRY_ID])
REFERENCES [dbo].[EV_COUNTRY] ([ID])
GO
ALTER TABLE [dbo].[EV_USER] CHECK CONSTRAINT [FK__EV_USER__COUNTRY__21B6055D]
GO
USE [master]
GO
ALTER DATABASE [DataBaseA] SET  READ_WRITE 
GO
